,Web Development,Yesterday by Mir
                                                Hossain,72MB,10 Files,Received
,Web Development,Yesterday by Mir
                                                Hossain,72MB,10 Files,Received
,Web Development,Yesterday by Mir
                                                Hossain,72MB,10 Files,Received
,Web Development,Yesterday by Mir
                                                Hossain,72MB,10 Files,Received
,Web Development,Yesterday by Mir
                                                Hossain,72MB,10 Files,Received
,Web Development,Yesterday by Mir
                                                Hossain,72MB,10 Files,Pending
,Presentation,Yesterday by Mir
                                                Hossain,72MB,10 Files,Received
,Payment Details,Yesterday by Mir
                                                Hossain,72MB,10 Files,Received
,Revenue Card,Yesterday by Mir
                                                Hossain,72MB,10 Files,Declined
,Invoices,Yesterday by Mir
                                                Hossain,72MB,10 Files,Pending